ID,pop
45,203
73,482
74,425
75,95
76,147
77,573
96,1207
97,1652
98,544
99,218
100,1001
101,1323
102,199
103,581
104,307
105,103
106,541
107,1076
126,184
127,369
128,115
129,545
130,603
131,1543
132,269
133,1072
134,1631
135,181
136,504
137,468
138,1122
139,299
140,1718
155,52
156,419
157,518
158,145
159,53
160,308
161,801
162,533
163,483
164,604
165,208
166,2241
167,757
168,1520
169,1760
170,3637
171,2868
185,658
186,1351
187,1964
188,551
189,220
190,1504
191,2349
192,271
193,454
194,1400
195,586
196,1548
197,604
198,352
199,2372
200,1580
201,873
202,645
215,640
216,1111
217,1970
218,1155
219,580
220,1094
221,1681
222,657
223,55
224,93
225,188
226,258
227,159
228,208
229,502
230,1531
231,933
232,2264
233,790
234,356
244,383
245,162
246,1221
247,3792
248,1703
249,360
250,1150
251,1502
252,573
253,1901
254,3381
255,2021
256,871
257,803
258,1551
259,2353
260,1406
261,1503
262,3071
263,1094
264,492
265,1523
266,980
273,789
274,294
275,461
276,1526
277,3921
278,3401
279,3713
280,1887
281,944
282,1142
283,4834
284,7306
285,8404
286,3045
287,3751
288,5966
289,3561
290,2992
291,1477
292,5279
293,1303
294,593
295,3000
296,3298
297,2598
302,2241
303,985
304,1273
305,1333
306,2992
307,2815
308,3686
309,4134
310,1187
311,1155
312,1003
313,4891
314,6669
315,7106
316,3518
317,4202
318,5975
319,7318
320,3188
321,521
322,2044
323,846
324,422
325,1385
326,2923
327,732
328,128
332,186
333,914
334,2343
335,2510
336,1649
337,4188
338,2039
339,784
340,250
341,285
342,1629
343,6124
344,2799
345,6058
346,5186
347,7338
348,6354
349,7145
350,3838
351,4233
352,2235
353,3574
354,989
355,3410
356,2326
357,381
358,715
361,289
362,141
363,1464
364,791
365,2444
366,3822
367,4648
368,1850
369,1604
370,899
371,2036
372,2750
373,6329
374,4345
375,4598
376,1446
377,1698
378,2574
379,2686
380,4929
381,7868
382,7244
383,3797
384,928
385,2127
386,776
387,1178
388,849
391,534
392,526
393,1294
394,659
395,2331
396,1854
397,2142
398,2208
399,6263
400,6573
401,7056
402,5997
403,6086
404,5063
405,3169
406,1359
407,273
408,1811
409,1276
410,3906
411,8335
412,9674
413,2674
414,1397
415,1450
416,407
417,1105
418,968
421,461
422,930
423,1275
424,4018
425,3089
426,4357
427,4559
428,5516
429,5108
430,9406
431,7492
432,4988
433,5993
434,3683
435,5633
436,2869
437,3188
438,2996
439,4344
440,4754
441,9633
442,6929
443,4502
444,1003
445,785
446,2366
447,1285
448,472
451,2655
452,2389
453,2037
454,3494
455,4438
456,2605
457,2175
458,3047
459,5029
460,8406
461,7240
462,4420
463,5549
464,5490
465,3540
466,3242
467,4667
468,8918
469,6610
470,5041
471,6747
472,4843
473,6169
474,4023
475,6086
476,2058
477,822
478,1353
481,3550
482,3204
483,2950
484,2841
485,3728
486,3633
487,2937
488,3606
489,2977
490,5075
491,4423
492,4085
493,2716
494,3178
495,1425
496,1000
497,3276
498,4690
499,3413
500,4623
501,3411
502,2980
503,2324
504,2445
505,3402
506,3396
507,1398
511,1272
512,671
513,1967
514,2291
515,1829
516,2481
517,3325
518,3651
519,843
520,920
521,3962
522,4007
523,3651
524,3771
525,379
526,755
527,4604
528,4786
529,5429
530,3079
531,5574
532,4532
533,6557
534,6736
535,8245
536,6075
537,3936
541,1129
542,1784
543,2709
544,3452
545,2507
546,2851
547,2932
548,3725
549,3915
550,4122
551,4157
552,5466
553,3051
554,3188
555,1071
556,1358
557,3300
558,3841
559,6054
560,7029
561,6181
562,5715
563,6582
564,2991
565,7397
566,7149
567,3922
571,1492
572,1483
573,2828
574,2206
575,3527
576,3354
577,2254
578,3611
579,3470
580,4854
581,3820
582,5167
583,3753
584,2945
585,1607
586,2483
587,3680
588,3678
589,4587
590,8356
591,8064
592,5190
593,3278
594,2353
595,6430
596,5493
597,664
601,588
602,356
603,579
604,604
605,1113
606,3290
607,3235
608,5689
609,2493
610,1514
611,1192
612,4248
613,4544
614,4225
615,2289
616,3902
617,4141
618,5521
619,4388
620,5098
621,1281
622,3264
623,615
624,746
625,912
626,2321
627,1067
631,1057
632,2739
633,2422
634,1971
635,819
636,2644
637,1632
638,3430
639,5292
640,3344
641,3837
642,5352
643,6907
644,3816
645,2718
646,4104
647,2144
648,3444
649,4601
650,4915
651,5086
652,3116
653,593
654,1101
655,944
656,1259
662,1169
663,879
664,323
665,1696
666,5667
667,3136
668,5187
669,3600
670,3887
671,5806
672,4866
673,5223
674,5030
675,5350
676,3499
677,4817
678,4842
679,5443
680,7175
681,3810
682,2507
683,903
684,3692
685,2708
686,351
692,236
693,1941
694,709
695,767
696,1467
697,2210
698,8031
699,4081
700,5599
701,3610
702,4673
703,3097
704,4464
705,4182
706,5939
707,6259
708,5193
709,3925
710,6189
711,2878
712,1003
713,2764
714,3013
715,1600
722,456
723,1827
724,902
725,63
726,189
727,366
728,3953
729,4572
730,4291
731,5413
732,5072
733,5443
734,6394
735,3395
736,1360
737,5182
738,4841
739,5255
740,1575
741,1039
742,1798
743,2185
744,2463
745,1192
752,65
753,287
754,116
755,20
756,131
757,271
758,2642
759,3733
760,3181
761,5506
762,3073
763,6677
764,3399
765,2907
766,662
767,4909
768,5855
769,6664
770,663
771,3533
772,5795
773,3465
774,1859
784,120
785,55
786,290
787,2392
788,1456
789,1470
790,2098
791,5185
792,4338
793,3360
794,3505
795,2425
796,1553
797,7040
798,6947
799,2601
800,321
801,3901
802,7120
803,4522
804,1771
816,1357
817,942
818,1546
819,1011
820,1018
821,1771
822,3403
823,2677
824,5026
825,1411
826,1259
827,5677
828,2063
829,868
830,120
831,1334
832,4659
833,2492
850,1542
851,864
852,3845
853,892
854,1984
855,189
856,114
857,302
858,1059
859,369
